id,name,abstract,layer
CWE-732,Incorrect Permission Assignment for Critical Resource,Class,{"CWE-284":2}
CWE-1004,Sensitive Cookie Without 'HttpOnly' Flag,Variant,{"CWE-284":3}
CWE-266,Incorrect Privilege Assignment,Base,{"CWE-284":2}
CWE-1022,Use of Web Link to Untrusted Target with window.opener Access,Variant,{"CWE-284":3}
CWE-284,Improper Access Control,Pillar,{"CWE-284":0}
CWE-1191,On-Chip Debug and Test Interface With Improper Access Control,Base,{"CWE-284":1}
CWE-1220,Insufficient Granularity of Access Control,Base,{"CWE-284":1}
CWE-1222,Insufficient Granularity of Address Regions Protected by Register Locks,Variant,{"CWE-284":2}
CWE-1224,Improper Restriction of Write-Once Bit Fields,Base,{"CWE-284":1}
CWE-285,Improper Authorization,Class,{"CWE-284":1}
CWE-1230,Exposure of Sensitive Information Through Metadata,Base,{"CWE-284":2}
CWE-1231,Improper Prevention of Lock Bit Modification,Base,{"CWE-284":1}
CWE-1233,Security-Sensitive Hardware Controls with Missing Lock Bit Protection,Base,{"CWE-284":1}
CWE-1242,Inclusion of Undocumented Features or Chicken Bits,Base,{"CWE-284":1}
CWE-1263,Improper Physical Access Control,Class,{"CWE-284":1}
CWE-1243,Sensitive Non-Volatile Information Not Protected During Debug,Base,{"CWE-284":2}
CWE-863,Incorrect Authorization,Class,{"CWE-284":2}
CWE-1244,Internal Asset Exposed to Unsafe Debug Access Level or State,Base,{"CWE-284":3}
CWE-1252,CPU Hardware Not Configured to Support Exclusivity of Write and Execute Operations,Base,{"CWE-284":1}
CWE-1256,Improper Restriction of Software Interfaces to Hardware Features,Base,{"CWE-284":2}
CWE-1257,Improper Access Control Applied to Mirrored or Aliased Memory Regions,Base,{"CWE-284":1}
CWE-1259,Improper Restriction of Security Token Assignment,Base,{"CWE-284":1}
CWE-1260,Improper Handling of Overlap Between Protected Memory Ranges,Base,{"CWE-284":1}
CWE-1262,Improper Access Control for Register Interface,Base,{"CWE-284":1}
CWE-1267,Policy Uses Obsolete Encoding,Base,{"CWE-284":1}
CWE-1268,Policy Privileges are not Assigned Consistently Between Control and Data Agents,Base,{"CWE-284":1}
CWE-1270,Generation of Incorrect Security Tokens,Base,{"CWE-284":1}
CWE-1274,Improper Access Control for Volatile Memory Containing Boot Code,Base,{"CWE-284":1}
CWE-923,Improper Restriction of Communication Channel to Intended Endpoints,Class,{"CWE-284":1}
CWE-1275,Sensitive Cookie with Improper SameSite Attribute,Variant,{"CWE-284":2}
CWE-1276,Hardware Child Block Incorrectly Connected to Parent System,Base,{"CWE-284":1}
CWE-1283,Mutable Attestation or Measurement Reporting Data,Base,{"CWE-284":1}
CWE-1290,Incorrect Decoding of Security Identifiers ,Base,{"CWE-284":1}
CWE-1292,Incorrect Conversion of Security Identifiers,Base,{"CWE-284":1}
CWE-1294,Insecure Security Identifier Mechanism,Class,{"CWE-284":1}
CWE-1296,Incorrect Chaining or Granularity of Debug Components,Base,{"CWE-284":1}
CWE-1297,Unprotected Confidential Information on Device is Accessible by OSAT Vendors,Base,{"CWE-284":2}
CWE-420,Unprotected Alternate Channel,Base,{"CWE-284":2}
CWE-1299,Missing Protection Mechanism for Alternate Hardware Interface,Base,{"CWE-284":3}
CWE-260,Password in Configuration File,Base,{"CWE-284":4}
CWE-13,ASP.NET Misconfiguration: Password in Configuration File,Variant,{"CWE-284":5}
CWE-1302,Missing Source Identifier in Entity Transactions on a System-On-Chip (SOC),Base,{"CWE-284":2}
CWE-1304,Improperly Preserved Integrity of Hardware Configuration State During a Power Save/Restore Operation,Base,{"CWE-284":1}
CWE-1311,Improper Translation of Security Attributes by Fabric Bridge,Base,{"CWE-284":1}
CWE-1312,Missing Protection for Mirrored Regions in On-Chip Fabric Firewall,Base,{"CWE-284":1}
CWE-1313,Hardware Allows Activation of Test or Debug Logic at Runtime,Base,{"CWE-284":1}
CWE-862,Missing Authorization,Class,{"CWE-284":2}
CWE-1314,Missing Write Protection for Parametric Data Values,Base,{"CWE-284":3}
CWE-1315,Improper Setting of Bus Controlling Capability in Fabric End-point,Base,{"CWE-284":1}
CWE-1316,Fabric-Address Map Allows Programming of Unwarranted Overlaps of Protected and Unprotected Ranges,Base,{"CWE-284":1}
CWE-1317,Improper Access Control in Fabric Bridge,Base,{"CWE-284":1}
CWE-1320,Improper Protection for Outbound Error Messages and Alert Signals,Base,{"CWE-284":1}
CWE-1323,Improper Management of Sensitive Trace Data,Base,{"CWE-284":1}
CWE-1328,Security Version Number Mutable to Older Versions,Base,{"CWE-284":2}
CWE-1334,Unauthorized Error Injection Can Degrade Hardware Redundancy,Base,{"CWE-284":1}
CWE-287,Improper Authentication,Class,{"CWE-284":1}
CWE-1390,Weak Authentication,Class,{"CWE-284":2}
CWE-1391,Use of Weak Credentials,Class,{"CWE-284":3}
CWE-1392,Use of Default Credentials,Base,{"CWE-284":4}
CWE-1393,Use of Default Password,Base,{"CWE-284":5}
CWE-1394,Use of Default Cryptographic Key,Base,{"CWE-284":5}
CWE-202,Exposure of Sensitive Information Through Data Queries,Base,{"CWE-284":3}
CWE-269,Improper Privilege Management,Class,{"CWE-284":1}
CWE-250,Execution with Unnecessary Privileges,Base,{"CWE-284":2}
CWE-522,Insufficiently Protected Credentials,Class,{"CWE-284":3}
CWE-256,Plaintext Storage of a Password,Base,{"CWE-284":4}
CWE-257,Storing Passwords in a Recoverable Format,Base,{"CWE-284":4}
CWE-258,Empty Password in Configuration File,Variant,{"CWE-284":5}
CWE-798,Use of Hard-coded Credentials,Base,{"CWE-284":4}
CWE-259,Use of Hard-coded Password,Variant,{"CWE-284":5}
CWE-261,Weak Encoding for Password,Base,{"CWE-284":4}
CWE-262,Not Using Password Aging,Base,{"CWE-284":3}
CWE-263,Password Aging with Long Expiration,Base,{"CWE-284":3}
CWE-267,Privilege Defined With Unsafe Actions,Base,{"CWE-284":2}
CWE-268,Privilege Chaining,Base,{"CWE-284":2}
CWE-270,Privilege Context Switching Error,Base,{"CWE-284":2}
CWE-271,Privilege Dropping / Lowering Errors,Class,{"CWE-284":2}
CWE-272,Least Privilege Violation,Base,{"CWE-284":3}
CWE-276,Incorrect Default Permissions,Base,{"CWE-284":3}
CWE-277,Insecure Inherited Permissions,Variant,{"CWE-284":3}
CWE-278,Insecure Preserved Inherited Permissions,Variant,{"CWE-284":3}
CWE-279,Incorrect Execution-Assigned Permissions,Variant,{"CWE-284":3}
CWE-281,Improper Preservation of Permissions,Base,{"CWE-284":3}
CWE-282,Improper Ownership Management,Class,{"CWE-284":1}
CWE-283,Unverified Ownership,Base,{"CWE-284":2}
CWE-286,Incorrect User Management,Class,{"CWE-284":1}
CWE-306,Missing Authentication for Critical Function,Base,{"CWE-284":2}
CWE-288,Authentication Bypass Using an Alternate Path or Channel,Base,{"CWE-284":3}
CWE-289,Authentication Bypass by Alternate Name,Base,{"CWE-284":3}
CWE-290,Authentication Bypass by Spoofing,Base,{"CWE-284":3}
CWE-291,Reliance on IP Address for Authentication,Variant,{"CWE-284":4}
CWE-293,Using Referer Field for Authentication,Variant,{"CWE-284":4}
CWE-294,Authentication Bypass by Capture-replay,Base,{"CWE-284":3}
CWE-295,Improper Certificate Validation,Base,{"CWE-284":2}
CWE-296,Improper Following of a Certificate's Chain of Trust,Base,{"CWE-284":3}
CWE-297,Improper Validation of Certificate with Host Mismatch,Variant,{"CWE-284":2}
CWE-298,Improper Validation of Certificate Expiration,Variant,{"CWE-284":3}
CWE-299,Improper Check for Certificate Revocation,Base,{"CWE-284":3}
CWE-300,Channel Accessible by Non-Endpoint,Class,{"CWE-284":2}
CWE-301,Reflection Attack in an Authentication Protocol,Base,{"CWE-284":3}
CWE-302,Authentication Bypass by Assumed-Immutable Data,Base,{"CWE-284":3}
CWE-303,Incorrect Implementation of Authentication Algorithm,Base,{"CWE-284":3}
CWE-304,Missing Critical Step in Authentication,Base,{"CWE-284":4}
CWE-305,Authentication Bypass by Primary Weakness,Base,{"CWE-284":3}
CWE-307,Improper Restriction of Excessive Authentication Attempts,Base,{"CWE-284":3}
CWE-308,Use of Single-factor Authentication,Base,{"CWE-284":3}
CWE-309,Use of Password System for Primary Authentication,Base,{"CWE-284":3}
CWE-321,Use of Hard-coded Cryptographic Key,Variant,{"CWE-284":5}
CWE-322,Key Exchange without Entity Authentication,Base,{"CWE-284":3}
CWE-350,Reliance on Reverse DNS Resolution for a Security-Critical Action,Variant,{"CWE-284":4}
CWE-370,Missing Check for Certificate Revocation after Initial Check,Variant,{"CWE-284":4}
CWE-419,Unprotected Primary Channel,Base,{"CWE-284":2}
CWE-421,Race Condition During Access to Alternate Channel,Base,{"CWE-284":3}
CWE-422,Unprotected Windows Messaging Channel ('Shatter'),Variant,{"CWE-284":3}
CWE-425,Direct Request ('Forced Browsing'),Base,{"CWE-284":3}
CWE-520,.NET Misconfiguration: Use of Impersonation,Variant,{"CWE-284":3}
CWE-521,Weak Password Requirements,Base,{"CWE-284":4}
CWE-523,Unprotected Transport of Credentials,Base,{"CWE-284":4}
CWE-549,Missing Password Field Masking,Base,{"CWE-284":4}
CWE-551,Incorrect Behavior Order: Authorization Before Parsing and Canonicalization,Base,{"CWE-284":3}
CWE-555,J2EE Misconfiguration: Plaintext Password in Configuration File,Variant,{"CWE-284":5}
CWE-556,ASP.NET Misconfiguration: Use of Identity Impersonation,Variant,{"CWE-284":3}
CWE-639,Authorization Bypass Through User-Controlled Key,Base,{"CWE-284":3}
CWE-566,Authorization Bypass Through User-Controlled SQL Primary Key,Variant,{"CWE-284":4}
CWE-599,Missing Validation of OpenSSL Certificate,Variant,{"CWE-284":3}
CWE-603,Use of Client-Side Authentication,Base,{"CWE-284":3}
CWE-612,Improper Authorization of Index Containing Sensitive Information,Base,{"CWE-284":3}
CWE-749,Exposed Dangerous Method or Function,Base,{"CWE-284":1}
CWE-618,Exposed Unsafe ActiveX Method,Variant,{"CWE-284":2}
CWE-620,Unverified Password Change,Base,{"CWE-284":3}
CWE-623,Unsafe ActiveX Control Marked Safe For Scripting,Variant,{"CWE-284":3}
CWE-640,Weak Password Recovery Mechanism for Forgotten Password,Base,{"CWE-284":3}
CWE-645,Overly Restrictive Account Lockout Mechanism,Base,{"CWE-284":2}
CWE-647,Use of Non-Canonical URL Paths for Authorization Decisions,Variant,{"CWE-284":3}
CWE-648,Incorrect Use of Privileged APIs,Base,{"CWE-284":2}
CWE-708,Incorrect Ownership Assignment,Base,{"CWE-284":2}
CWE-766,Critical Data Element Declared Public,Base,{"CWE-284":3}
CWE-782,Exposed IOCTL with Insufficient Access Control,Variant,{"CWE-284":2}
CWE-804,Guessable CAPTCHA,Base,{"CWE-284":3}
CWE-836,Use of Password Hash Instead of Password for Authentication,Base,{"CWE-284":3}
CWE-842,Placement of User into Incorrect Group,Base,{"CWE-284":2}
CWE-9,J2EE Misconfiguration: Weak Access Permissions for EJB Methods,Variant,{"CWE-284":3}
CWE-940,Improper Verification of Source of a Communication Channel,Base,{"CWE-284":2}
CWE-925,Improper Verification of Intent by Broadcast Receiver,Variant,{"CWE-284":3}
CWE-926,Improper Export of Android Application Components,Variant,{"CWE-284":2}
CWE-927,Use of Implicit Intent for Sensitive Communication,Variant,{"CWE-284":2}
CWE-939,Improper Authorization in Handler for Custom URL Scheme,Base,{"CWE-284":3}
CWE-941,Incorrectly Specified Destination in a Communication Channel,Base,{"CWE-284":2}
CWE-942,Permissive Cross-domain Policy with Untrusted Domains,Variant,{"CWE-284":3}
CWE-1038,Insecure Automated Optimizations,Class,{"CWE-435":1}
CWE-1037,Processor Optimization Removal or Modification of Security-critical Code,Base,{"CWE-435":2}
CWE-435,Improper Interaction Between Multiple Correctly-Behaving Entities,Pillar,{"CWE-435":0}
CWE-436,Interpretation Conflict,Class,{"CWE-435":1}
CWE-115,Misinterpretation of Input,Base,{"CWE-435":2}
CWE-733,Compiler Optimization Removal or Modification of Security-critical Code,Base,{"CWE-435":2}
CWE-14,Compiler Removal of Code to Clear Buffers,Variant,{"CWE-435":3}
CWE-437,Incomplete Model of Endpoint Features,Base,{"CWE-435":2}
CWE-439,Behavioral Change in New Version or Environment,Base,{"CWE-435":1}
CWE-444,Inconsistent Interpretation of HTTP Requests ('HTTP Request/Response Smuggling'),Base,{"CWE-435":2}
CWE-650,Trusting HTTP Permission Methods on the Server Side,Variant,{"CWE-435":2}
CWE-441,Unintended Proxy or Intermediary ('Confused Deputy'),Class,{"CWE-664":2}
CWE-1021,Improper Restriction of Rendered UI Layers or Frames,Base,{"CWE-664":3}
CWE-1176,Inefficient CPU Computation,Class,{"CWE-664":3}
CWE-1042,Static Member Data Element outside of a Singleton Class Element,Variant,{"CWE-664":4}
CWE-1046,Creation of Immutable Text Using String Concatenation,Base,{"CWE-664":4}
CWE-1049,Excessive Data Query Operations in a Large Data Table,Base,{"CWE-664":4}
CWE-405,Asymmetric Resource Consumption (Amplification),Class,{"CWE-664":2}
CWE-1050,Excessive Platform Resource Consumption within a Loop,Base,{"CWE-664":3}
CWE-1419,Incorrect Initialization of Resource,Class,{"CWE-664":2}
CWE-1051,Initialization with Hard-Coded Network Resource Configuration Data,Base,{"CWE-664":3}
CWE-1052,Excessive Use of Hard-Coded Literals in Initialization,Base,{"CWE-664":3}
CWE-662,Improper Synchronization,Class,{"CWE-664":1}
CWE-1058,Invokable Control Element in Multi-Thread Context with non-Final Static Storable or Member Element,Base,{"CWE-664":2}
CWE-1063,Creation of Class Instance within a Static Code Block,Base,{"CWE-664":4}
CWE-1067,Excessive Execution of Sequential Searches of Data Resource,Base,{"CWE-664":4}
CWE-1072,Data Resource Access without Use of Connection Pooling,Base,{"CWE-664":3}
CWE-1073,Non-SQL Invokable Control Element with Excessive Number of Data Resource Accesses,Base,{"CWE-664":3}
CWE-1084,Invokable Control Element with Excessive File or Data Access Operations,Base,{"CWE-664":3}
CWE-821,Incorrect Synchronization,Base,{"CWE-664":2}
CWE-1088,Synchronous Access of Remote Resource without Timeout,Base,{"CWE-664":3}
CWE-1089,Large Data Table with Excessive Number of Indices,Base,{"CWE-664":3}
CWE-772,Missing Release of Resource after Effective Lifetime,Base,{"CWE-664":2}
CWE-1091,Use of Object without Invoking Destructor Method,Base,{"CWE-664":3}
CWE-1094,Excessive Index Range Scan for a Data Resource,Base,{"CWE-664":3}
CWE-820,Missing Synchronization,Base,{"CWE-664":2}
CWE-1096,Singleton Class Instance Creation without Proper Locking or Synchronization,Variant,{"CWE-664":3}
CWE-73,External Control of File Name or Path,Base,{"CWE-664":3}
CWE-114,Process Control,Class,{"CWE-664":4}
CWE-664,Improper Control of a Resource Through its Lifetime,Pillar,{"CWE-664":0}
CWE-118,Incorrect Access of Indexable Resource ('Range Error'),Class,{"CWE-664":1}
CWE-1188,Initialization of a Resource with an Insecure Default,Base,{"CWE-664":3}
CWE-119,Improper Restriction of Operations within the Bounds of a Memory Buffer,Class,{"CWE-664":2}
CWE-120,Buffer Copy without Checking Size of Input ('Classic Buffer Overflow'),Base,{"CWE-664":3}
CWE-788,Access of Memory Location After End of Buffer,Base,{"CWE-664":3}
CWE-121,Stack-based Buffer Overflow,Variant,{"CWE-664":4}
CWE-122,Heap-based Buffer Overflow,Variant,{"CWE-664":4}
CWE-1221,Incorrect Register Defaults or Module Parameters,Base,{"CWE-664":3}
CWE-1229,Creation of Emergent Resource,Class,{"CWE-664":1}
CWE-787,Out-of-bounds Write,Base,{"CWE-664":3}
CWE-123,Write-what-where Condition,Base,{"CWE-664":4}
CWE-667,Improper Locking,Class,{"CWE-664":2}
CWE-1232,Improper Lock Behavior After Power State Transition,Base,{"CWE-664":3}
CWE-1234,Hardware Internal or Debug Modes Allow Override of Locks,Base,{"CWE-664":3}
CWE-400,Uncontrolled Resource Consumption,Class,{"CWE-664":1}
CWE-1235,Incorrect Use of Autoboxing and Unboxing for Performance Critical Operations,Base,{"CWE-664":2}
CWE-226,Sensitive Information in Resource Not Removed Before Reuse,Base,{"CWE-664":3}
CWE-1239,Improper Zeroization of Hardware Register,Variant,{"CWE-664":4}
CWE-786,Access of Memory Location Before Start of Buffer,Base,{"CWE-664":3}
CWE-124,Buffer Underwrite ('Buffer Underflow'),Base,{"CWE-664":4}
CWE-1246,Improper Write Handling in Limited-write Non-Volatile Memories,Base,{"CWE-664":2}
CWE-1250,Improper Preservation of Consistency Between Independent Representations of Shared State,Base,{"CWE-664":1}
CWE-1249,Application-Level Admin Tool with Inconsistent View of Underlying Operating System,Base,{"CWE-664":2}
CWE-125,Out-of-bounds Read,Base,{"CWE-664":3}
CWE-1251,Mirrored Regions with Different Values,Base,{"CWE-664":2}
CWE-208,Observable Timing Discrepancy,Base,{"CWE-664":4}
CWE-1254,Incorrect Comparison Logic Granularity,Base,{"CWE-664":5}
CWE-1300,Improper Protection of Physical Side Channels,Base,{"CWE-664":4}
CWE-1255,Comparison Logic is Vulnerable to Power Side-Channel Attacks,Variant,{"CWE-664":5}
CWE-212,Improper Removal of Sensitive Information Before Storage or Transfer,Base,{"CWE-664":2}
CWE-1258,Exposure of Sensitive System Information Due to Uncleared Debug Information,Base,{"CWE-664":3}
CWE-126,Buffer Over-read,Variant,{"CWE-664":4}
CWE-1264,Hardware Logic with Insecure De-Synchronization between Control and Data Channels,Base,{"CWE-664":3}
CWE-404,Improper Resource Shutdown or Release,Class,{"CWE-664":1}
CWE-1266,Improper Scrubbing of Sensitive Data from Decommissioned Device,Base,{"CWE-664":2}
CWE-127,Buffer Under-read,Variant,{"CWE-664":4}
CWE-909,Missing Initialization of Resource,Class,{"CWE-664":2}
CWE-1271,Uninitialized Value on Reset for Registers Holding Security Settings,Base,{"CWE-664":3}
CWE-1272,Sensitive Information Uncleared Before Debug/Power State Transition,Base,{"CWE-664":4}
CWE-200,Exposure of Sensitive Information to an Unauthorized Actor,Class,{"CWE-664":2}
CWE-1273,Device Unlock Credential Sharing,Base,{"CWE-664":3}
CWE-668,Exposure of Resource to Wrong Sphere,Class,{"CWE-664":1}
CWE-1282,Assumed-Immutable Data is Stored in Writable Memory,Base,{"CWE-664":2}
CWE-1295,Debug Messages Revealing Unnecessary Information,Base,{"CWE-664":3}
CWE-203,Observable Discrepancy,Base,{"CWE-664":3}
CWE-1301,Insufficient or Incomplete Data Removal within Hardware Component,Base,{"CWE-664":4}
CWE-915,Improperly Controlled Modification of Dynamically-Determined Object Attributes,Base,{"CWE-664":2}
CWE-1321,Improperly Controlled Modification of Object Prototype Attributes ('Prototype Pollution'),Variant,{"CWE-664":3}
CWE-770,Allocation of Resources Without Limits or Throttling,Base,{"CWE-664":2}
CWE-1325,Improperly Controlled Sequential Memory Allocation,Base,{"CWE-664":3}
CWE-1327,Binding to an Unrestricted IP Address,Base,{"CWE-664":2}
CWE-1330,Remanent Data Readable after Memory Erase,Variant,{"CWE-664":5}
CWE-407,Inefficient Algorithmic Complexity,Class,{"CWE-664":3}
CWE-1333,Inefficient Regular Expression Complexity,Base,{"CWE-664":4}
CWE-134,Use of Externally-Controlled Format String,Base,{"CWE-664":2}
CWE-1342,Information Exposure through Microarchitectural State after Transient Execution,Base,{"CWE-664":4}
CWE-59,Improper Link Resolution Before File Access ('Link Following'),Base,{"CWE-664":2}
CWE-1386,Insecure Operation on Windows Junction / Mount Point,Base,{"CWE-664":3}
CWE-704,Incorrect Type Conversion or Cast,Class,{"CWE-664":1}
CWE-1389,Incorrect Parsing of Numbers with Different Radices,Base,{"CWE-664":2}
CWE-665,Improper Initialization,Class,{"CWE-664":1}
CWE-669,Incorrect Resource Transfer Between Spheres,Class,{"CWE-664":1}
CWE-1420,Exposure of Sensitive Information during Transient Execution,Base,{"CWE-664":2}
CWE-1421,Exposure of Sensitive Information in Shared Microarchitectural Structures during Transient Execution,Base,{"CWE-664":3}
CWE-1422,Exposure of Sensitive Information caused by Incorrect Data Forwarding during Transient Execution,Base,{"CWE-664":3}
CWE-1423,Exposure of Sensitive Information caused by Shared Microarchitectural Predictor State that Influences Transient Execution,Base,{"CWE-664":3}
CWE-642,External Control of Critical State Data,Class,{"CWE-664":2}
CWE-15,External Control of System or Configuration Setting,Base,{"CWE-664":3}
CWE-706,Use of Incorrectly-Resolved Name or Reference,Class,{"CWE-664":1}
CWE-178,Improper Handling of Case Sensitivity,Base,{"CWE-664":2}
CWE-681,Incorrect Conversion between Numeric Types,Base,{"CWE-664":2}
CWE-192,Integer Coercion Error,Variant,{"CWE-664":3}
CWE-194,Unexpected Sign Extension,Variant,{"CWE-664":3}
CWE-195,Signed to Unsigned Conversion Error,Variant,{"CWE-664":3}
CWE-196,Unsigned to Signed Conversion Error,Variant,{"CWE-664":3}
CWE-197,Numeric Truncation Error,Base,{"CWE-664":3}
CWE-201,Insertion of Sensitive Information Into Sent Data,Base,{"CWE-664":3}
CWE-204,Observable Response Discrepancy,Base,{"CWE-664":4}
CWE-205,Observable Behavioral Discrepancy,Base,{"CWE-664":4}
CWE-206,Observable Internal Behavioral Discrepancy,Variant,{"CWE-664":5}
CWE-207,Observable Behavioral Discrepancy With Equivalent Products,Variant,{"CWE-664":5}
CWE-209,Generation of Error Message Containing Sensitive Information,Base,{"CWE-664":3}
CWE-210,Self-generated Error Message Containing Sensitive Information,Base,{"CWE-664":4}
CWE-211,Externally-Generated Error Message Containing Sensitive Information,Base,{"CWE-664":4}
CWE-213,Exposure of Sensitive Information Due to Incompatible Policies,Base,{"CWE-664":3}
CWE-497,Exposure of Sensitive System Information to an Unauthorized Control Sphere,Base,{"CWE-664":3}
CWE-214,Invocation of Process Using Visible Sensitive Information,Base,{"CWE-664":4}
CWE-215,Insertion of Sensitive Information Into Debugging Code,Base,{"CWE-664":3}
CWE-552,Files or Directories Accessible to External Parties,Base,{"CWE-664":2}
CWE-219,Storage of File with Sensitive Data Under Web Root,Variant,{"CWE-664":3}
CWE-22,Improper Limitation of a Pathname to a Restricted Directory ('Path Traversal'),Base,{"CWE-664":2}
CWE-220,Storage of File With Sensitive Data Under FTP Root,Variant,{"CWE-664":3}
CWE-221,Information Loss or Omission,Class,{"CWE-664":1}
CWE-222,Truncation of Security-relevant Information,Base,{"CWE-664":2}
CWE-223,Omission of Security-relevant Information,Base,{"CWE-664":2}
CWE-224,Obscured Security-relevant Information by Alternate Name,Base,{"CWE-664":2}
CWE-459,Incomplete Cleanup,Base,{"CWE-664":2}
CWE-23,Relative Path Traversal,Base,{"CWE-664":3}
CWE-24,Path Traversal: '../filedir',Variant,{"CWE-664":4}
CWE-243,Creation of chroot Jail Without Changing Working Directory,Variant,{"CWE-664":2}
CWE-244,Improper Clearing of Heap Memory Before Release ('Heap Inspection'),Variant,{"CWE-664":4}
CWE-25,Path Traversal: '/../filedir',Variant,{"CWE-664":4}
CWE-26,Path Traversal: '/dir/../filename',Variant,{"CWE-664":4}
CWE-27,Path Traversal: 'dir/../../filename',Variant,{"CWE-664":4}
CWE-28,Path Traversal: '..filedir',Variant,{"CWE-664":4}
CWE-29,Path Traversal: '..filename',Variant,{"CWE-664":4}
CWE-30,Path Traversal: 'dir..filename',Variant,{"CWE-664":4}
CWE-31,Path Traversal: 'dir....filename',Variant,{"CWE-664":4}
CWE-32,Path Traversal: '...' (Triple Dot),Variant,{"CWE-664":4}
CWE-672,Operation on a Resource after Expiration or Release,Class,{"CWE-664":2}
CWE-324,Use of a Key Past its Expiration Date,Base,{"CWE-664":3}
CWE-33,Path Traversal: '....' (Multiple Dot),Variant,{"CWE-664":4}
CWE-34,Path Traversal: '....//',Variant,{"CWE-664":4}
CWE-35,Path Traversal: '.../...//',Variant,{"CWE-664":4}
CWE-356,Product UI does not Warn User of Unsafe Actions,Base,{"CWE-664":2}
CWE-359,Exposure of Private Personal Information to an Unauthorized Actor,Base,{"CWE-664":3}
CWE-36,Absolute Path Traversal,Base,{"CWE-664":3}
CWE-37,Path Traversal: '/absolute/pathname/here',Variant,{"CWE-664":4}
CWE-372,Incomplete Internal State Distinction,Base,{"CWE-664":1}
CWE-374,Passing Mutable Objects to an Untrusted Method,Base,{"CWE-664":2}
CWE-375,Returning a Mutable Object to an Untrusted Caller,Base,{"CWE-664":2}
CWE-377,Insecure Temporary File,Class,{"CWE-664":2}
CWE-378,Creation of Temporary File With Insecure Permissions,Base,{"CWE-664":3}
CWE-379,Creation of Temporary File in Directory with Insecure Permissions,Base,{"CWE-664":3}
CWE-38,Path Traversal: 'absolutepathnamehere',Variant,{"CWE-664":4}
CWE-610,Externally Controlled Reference to a Resource in Another Sphere,Class,{"CWE-664":1}
CWE-384,Session Fixation,Compound,{"CWE-664":2}
CWE-514,Covert Channel,Class,{"CWE-664":2}
CWE-385,Covert Timing Channel,Base,{"CWE-664":3}
CWE-386,Symbolic Name not Mapping to Correct Object,Base,{"CWE-664":2}
CWE-39,Path Traversal: 'C:dirname',Variant,{"CWE-664":4}
CWE-40,Path Traversal: 'UNCsharename' (Windows UNC Share),Variant,{"CWE-664":4}
CWE-401,Missing Release of Memory after Effective Lifetime,Variant,{"CWE-664":3}
CWE-402,Transmission of Private Resources into a New Sphere ('Resource Leak'),Class,{"CWE-664":2}
CWE-403,Exposure of File Descriptor to Unintended Control Sphere ('File Descriptor Leak'),Base,{"CWE-664":3}
CWE-406,Insufficient Control of Network Message Volume (Network Amplification),Class,{"CWE-664":3}
CWE-409,Improper Handling of Highly Compressed Data (Data Amplification),Base,{"CWE-664":3}
CWE-41,Improper Resolution of Path Equivalence,Base,{"CWE-664":2}
CWE-410,Insufficient Resource Pool,Base,{"CWE-664":1}
CWE-412,Unrestricted Externally Accessible Lock,Base,{"CWE-664":3}
CWE-413,Improper Resource Locking,Base,{"CWE-664":3}
CWE-414,Missing Lock Check,Base,{"CWE-664":3}
CWE-825,Expired Pointer Dereference,Base,{"CWE-664":3}
CWE-415,Double Free,Variant,{"CWE-664":4}
CWE-416,Use After Free,Variant,{"CWE-664":4}
CWE-42,Path Equivalence: 'filename.' (Trailing Dot),Variant,{"CWE-664":3}
CWE-426,Untrusted Search Path,Base,{"CWE-664":3}
CWE-427,Uncontrolled Search Path Element,Base,{"CWE-664":2}
CWE-428,Unquoted Search Path or Element,Base,{"CWE-664":2}
CWE-43,Path Equivalence: 'filename....' (Multiple Trailing Dot),Variant,{"CWE-664":4}
CWE-433,Unparsed Raw Web Content Delivery,Variant,{"CWE-664":4}
CWE-434,Unrestricted Upload of File with Dangerous Type,Base,{"CWE-664":2}
CWE-44,Path Equivalence: 'file.name' (Internal Dot),Variant,{"CWE-664":3}
CWE-45,Path Equivalence: 'file...name' (Multiple Internal Dot),Variant,{"CWE-664":4}
CWE-453,Insecure Default Variable Initialization,Variant,{"CWE-664":4}
CWE-454,External Initialization of Trusted Variables or Data Stores,Base,{"CWE-664":3}
CWE-456,Missing Initialization of a Variable,Variant,{"CWE-664":3}
CWE-908,Use of Uninitialized Resource,Base,{"CWE-664":2}
CWE-457,Use of Uninitialized Variable,Variant,{"CWE-664":3}
CWE-46,Path Equivalence: 'filename ' (Trailing Space),Variant,{"CWE-664":3}
CWE-460,Improper Cleanup on Thrown Exception,Base,{"CWE-664":3}
CWE-466,Return of Pointer Value Outside of Expected Range,Base,{"CWE-664":3}
CWE-47,Path Equivalence: ' filename' (Leading Space),Variant,{"CWE-664":3}
CWE-913,Improper Control of Dynamically-Managed Code Resources,Class,{"CWE-664":1}
CWE-470,Use of Externally-Controlled Input to Select Classes or Code ('Unsafe Reflection'),Base,{"CWE-664":2}
CWE-471,Modification of Assumed-Immutable Data (MAID),Base,{"CWE-664":1}
CWE-472,External Control of Assumed-Immutable Web Parameter,Base,{"CWE-664":3}
CWE-473,PHP External Variable Modification,Variant,{"CWE-664":2}
CWE-48,Path Equivalence: 'file name' (Internal Whitespace),Variant,{"CWE-664":3}
CWE-487,Reliance on Package-level Scope,Base,{"CWE-664":1}
CWE-488,Exposure of Data Element to Wrong Session,Base,{"CWE-664":2}
CWE-49,Path Equivalence: 'filename/' (Trailing Slash),Variant,{"CWE-664":3}
CWE-491,Public cloneable() Method Without Final ('Object Hijack'),Variant,{"CWE-664":2}
CWE-492,Use of Inner Class Containing Sensitive Data,Variant,{"CWE-664":2}
CWE-493,Critical Public Variable Without Final Modifier,Variant,{"CWE-664":2}
CWE-495,Private Data Structure Returned From A Public Method,Variant,{"CWE-664":1}
CWE-496,Public Data Assigned to Private Array-Typed Field,Variant,{"CWE-664":1}
CWE-498,Cloneable Class Containing Sensitive Information,Variant,{"CWE-664":2}
CWE-499,Serializable Class Containing Sensitive Data,Variant,{"CWE-664":2}
CWE-50,Path Equivalence: '//multiple/leading/slash',Variant,{"CWE-664":3}
CWE-500,Public Static Field Not Marked Final,Variant,{"CWE-664":3}
CWE-501,Trust Boundary Violation,Base,{"CWE-664":1}
CWE-502,Deserialization of Untrusted Data,Base,{"CWE-664":2}
CWE-51,Path Equivalence: '/multiple//internal/slash',Variant,{"CWE-664":3}
CWE-515,Covert Storage Channel,Base,{"CWE-664":3}
CWE-52,Path Equivalence: '/multiple/trailing/slash//',Variant,{"CWE-664":3}
CWE-524,Use of Cache Containing Sensitive Information,Base,{"CWE-664":2}
CWE-525,Use of Web Browser Cache Containing Sensitive Information,Variant,{"CWE-664":3}
CWE-527,Exposure of Version-Control Repository to an Unauthorized Control Sphere,Variant,{"CWE-664":3}
CWE-528,Exposure of Core Dump File to an Unauthorized Control Sphere,Variant,{"CWE-664":3}
CWE-529,Exposure of Access Control List Files to an Unauthorized Control Sphere,Variant,{"CWE-664":3}
CWE-53,Path Equivalence: 'multipleinternalbackslash',Variant,{"CWE-664":3}
CWE-530,Exposure of Backup File to an Unauthorized Control Sphere,Variant,{"CWE-664":3}
CWE-540,Inclusion of Sensitive Information in Source Code,Base,{"CWE-664":4}
CWE-531,Inclusion of Sensitive Information in Test Code,Variant,{"CWE-664":5}
CWE-538,Insertion of Sensitive Information into Externally-Accessible File or Directory,Base,{"CWE-664":3}
CWE-532,Insertion of Sensitive Information into Log File,Base,{"CWE-664":4}
CWE-535,Exposure of Information Through Shell Error Message,Variant,{"CWE-664":5}
CWE-536,Servlet Runtime Error Message Containing Sensitive Information,Variant,{"CWE-664":5}
CWE-537,Java Runtime Error Message Containing Sensitive Information,Variant,{"CWE-664":5}
CWE-539,Use of Persistent Cookies Containing Sensitive Information,Variant,{"CWE-664":3}
CWE-54,Path Equivalence: 'filedir' (Trailing Backslash),Variant,{"CWE-664":3}
CWE-541,Inclusion of Sensitive Information in an Include File,Variant,{"CWE-664":5}
CWE-543,Use of Singleton Pattern Without Synchronization in a Multithreaded Context,Variant,{"CWE-664":3}
CWE-548,Exposure of Information Through Directory Listing,Variant,{"CWE-664":4}
CWE-55,Path Equivalence: '/./' (Single Dot Directory),Variant,{"CWE-664":3}
CWE-550,Server-generated Error Message Containing Sensitive Information,Variant,{"CWE-664":4}
CWE-553,Command Shell in Externally Accessible Directory,Variant,{"CWE-664":3}
CWE-663,Use of a Non-reentrant Function in a Concurrent Context,Base,{"CWE-664":2}
CWE-558,Use of getlogin() in Multithreaded Application,Variant,{"CWE-664":3}
CWE-56,Path Equivalence: 'filedir*' (Wildcard),Variant,{"CWE-664":3}
CWE-565,Reliance on Cookies without Validation and Integrity Checking,Base,{"CWE-664":3}
CWE-567,Unsynchronized Access to Shared Data in a Multithreaded Context,Base,{"CWE-664":3}
CWE-568,finalize() Method Without super.finalize(),Variant,{"CWE-664":3}
CWE-57,Path Equivalence: 'fakedir/../realdir/filename',Variant,{"CWE-664":3}
CWE-572,Call to Thread run() instead of start(),Variant,{"CWE-664":3}
CWE-574,EJB Bad Practices: Use of Synchronization Primitives,Variant,{"CWE-664":3}
CWE-58,Path Equivalence: Windows 8.3 Filename,Variant,{"CWE-664":3}
CWE-580,clone() Method Without super.clone(),Variant,{"CWE-664":1}
CWE-582,"Array Declared Public, Final, and Static",Variant,{"CWE-664":2}
CWE-583,finalize() Method Declared Public,Variant,{"CWE-664":2}
CWE-588,Attempt to Access Child of a Non-structure Pointer,Variant,{"CWE-664":2}
CWE-762,Mismatched Memory Management Routines,Variant,{"CWE-664":3}
CWE-590,Free of Memory not on the Heap,Variant,{"CWE-664":4}
CWE-591,Sensitive Data Storage in Improperly Locked Memory,Variant,{"CWE-664":4}
CWE-666,Operation on Resource in Wrong Phase of Lifetime,Class,{"CWE-664":1}
CWE-593,Authentication Bypass: OpenSSL CTX Object Modified after SSL Objects are Created,Variant,{"CWE-664":2}
CWE-598,Use of GET Request Method With Sensitive Query Strings,Variant,{"CWE-664":4}
CWE-601,URL Redirection to Untrusted Site ('Open Redirect'),Base,{"CWE-664":2}
CWE-607,Public Static Final Field References Mutable Object,Variant,{"CWE-664":2}
CWE-608,Struts: Non-private Field in ActionForm Class,Variant,{"CWE-664":2}
CWE-609,Double-Checked Locking,Base,{"CWE-664":3}
CWE-61,UNIX Symbolic Link (Symlink) Following,Compound,{"CWE-664":3}
CWE-611,Improper Restriction of XML External Entity Reference,Base,{"CWE-664":2}
CWE-613,Insufficient Session Expiration,Base,{"CWE-664":3}
CWE-615,Inclusion of Sensitive Information in Source Code Comments,Variant,{"CWE-664":5}
CWE-619,Dangling Database Cursor ('Cursor Injection'),Base,{"CWE-664":3}
CWE-62,UNIX Hard Link,Variant,{"CWE-664":3}
CWE-64,Windows Shortcut Following (.LNK),Variant,{"CWE-664":3}
CWE-65,Windows Hard Link,Variant,{"CWE-664":3}
CWE-651,Exposure of WSDL File Containing Sensitive Information,Variant,{"CWE-664":4}
CWE-66,Improper Handling of File Names that Identify Virtual Resources,Base,{"CWE-664":2}
CWE-67,Improper Handling of Windows Device Names,Variant,{"CWE-664":3}
CWE-673,External Influence of Sphere Definition,Class,{"CWE-664":1}
CWE-69,Improper Handling of Windows ::DATA Alternate Data Stream,Variant,{"CWE-664":3}
CWE-72,Improper Handling of Apple HFS+ Alternate Data Stream Path,Variant,{"CWE-664":3}
CWE-763,Release of Invalid Pointer or Reference,Base,{"CWE-664":2}
CWE-761,Free of Pointer not at Start of Buffer,Variant,{"CWE-664":3}
CWE-764,Multiple Locks of a Critical Resource,Base,{"CWE-664":3}
CWE-765,Multiple Unlocks of a Critical Resource,Base,{"CWE-664":3}
CWE-767,Access to Critical Private Variable via Public Method,Base,{"CWE-664":2}
CWE-771,Missing Reference to Active Allocated Resource,Base,{"CWE-664":2}
CWE-773,Missing Reference to Active File Descriptor or Handle,Variant,{"CWE-664":3}
CWE-774,Allocation of File Descriptors or Handles Without Limits or Throttling,Variant,{"CWE-664":3}
CWE-775,Missing Release of File Descriptor or Handle after Effective Lifetime,Variant,{"CWE-664":3}
CWE-778,Insufficient Logging,Base,{"CWE-664":3}
CWE-779,Logging of Excessive Data,Base,{"CWE-664":2}
CWE-784,Reliance on Cookies without Validation and Integrity Checking in a Security Decision,Variant,{"CWE-664":4}
CWE-789,Memory Allocation with Excessive Size Value,Variant,{"CWE-664":3}
CWE-8,J2EE Misconfiguration: Entity Bean Declared Remote,Variant,{"CWE-664":2}
CWE-805,Buffer Access with Incorrect Length Value,Base,{"CWE-664":3}
CWE-806,Buffer Access Using Size of Source Buffer,Variant,{"CWE-664":4}
CWE-822,Untrusted Pointer Dereference,Base,{"CWE-664":3}
CWE-823,Use of Out-of-range Pointer Offset,Base,{"CWE-664":3}
CWE-824,Access of Uninitialized Pointer,Base,{"CWE-664":3}
CWE-826,Premature Release of Resource During Expected Lifetime,Base,{"CWE-664":2}
CWE-827,Improper Control of Document Type Definition,Variant,{"CWE-664":2}
CWE-829,Inclusion of Functionality from Untrusted Control Sphere,Base,{"CWE-664":2}
CWE-830,Inclusion of Web Functionality from an Untrusted Source,Variant,{"CWE-664":3}
CWE-832,Unlock of a Resource that is not Locked,Base,{"CWE-664":3}
CWE-833,Deadlock,Base,{"CWE-664":3}
CWE-843,Access of Resource Using Incompatible Type ('Type Confusion'),Base,{"CWE-664":2}
CWE-910,Use of Expired File Descriptor,Base,{"CWE-664":3}
CWE-911,Improper Update of Reference Count,Base,{"CWE-664":1}
CWE-918,Server-Side Request Forgery (SSRF),Base,{"CWE-664":3}
CWE-920,Improper Restriction of Power Consumption,Base,{"CWE-664":2}
CWE-922,Insecure Storage of Sensitive Information,Class,{"CWE-664":1}
CWE-921,Storage of Sensitive Data in a Mechanism without Access Control,Base,{"CWE-664":2}
CWE-98,Improper Control of Filename for Include/Require Statement in PHP Program ('PHP Remote File Inclusion'),Variant,{"CWE-664":3}
CWE-682,Incorrect Calculation,Pillar,{"CWE-682":0}
CWE-128,Wrap-around Error,Base,{"CWE-682":1}
CWE-131,Incorrect Calculation of Buffer Size,Base,{"CWE-682":1}
CWE-1335,Incorrect Bitwise Shift of Integer,Base,{"CWE-682":1}
CWE-1339,Insufficient Precision or Accuracy of a Real Number,Base,{"CWE-682":1}
CWE-135,Incorrect Calculation of Multi-Byte String Length,Base,{"CWE-682":1}
CWE-190,Integer Overflow or Wraparound,Base,{"CWE-682":1}
CWE-191,Integer Underflow (Wrap or Wraparound),Base,{"CWE-682":1}
CWE-193,Off-by-one Error,Base,{"CWE-682":1}
CWE-369,Divide By Zero,Base,{"CWE-682":1}
CWE-467,Use of sizeof() on a Pointer Type,Variant,{"CWE-682":2}
CWE-468,Incorrect Pointer Scaling,Base,{"CWE-682":1}
CWE-469,Use of Pointer Subtraction to Determine Size,Base,{"CWE-682":1}
CWE-680,Integer Overflow to Buffer Overflow,Compound,{"CWE-682":2}
CWE-696,Incorrect Behavior Order,Class,{"CWE-691":1}
CWE-1190,DMA Device Enabled Too Early in Boot Phase,Base,{"CWE-691":2}
CWE-1193,Power-On of Untrusted Execution Core Before Enabling Fabric Access Control,Base,{"CWE-691":2}
CWE-362,Concurrent Execution using Shared Resource with Improper Synchronization ('Race Condition'),Class,{"CWE-691":1}
CWE-1223,Race Condition for Write-Once Attributes,Base,{"CWE-691":2}
CWE-691,Insufficient Control Flow Management,Pillar,{"CWE-691":0}
CWE-1265,Unintended Reentrant Invocation of Non-reentrant Code Via Nested Calls,Base,{"CWE-691":1}
CWE-1279,Cryptographic Operations are run Before Supporting Units are Ready,Base,{"CWE-691":1}
CWE-1280,Access Control Check Implemented After Asset is Accessed,Base,{"CWE-691":2}
CWE-1281,Sequence of Processor Instructions Leads to Unexpected Behavior,Base,{"CWE-691":1}
CWE-1298,Hardware Logic Contains Race Conditions,Base,{"CWE-691":2}
CWE-834,Excessive Iteration,Class,{"CWE-691":1}
CWE-1322,"Use of Blocking Code in Single-threaded, Non-blocking Context",Base,{"CWE-691":2}
CWE-179,Incorrect Behavior Order: Early Validation,Base,{"CWE-691":2}
CWE-180,Incorrect Behavior Order: Validate Before Canonicalize,Variant,{"CWE-691":3}
CWE-181,Incorrect Behavior Order: Validate Before Filter,Variant,{"CWE-691":3}
CWE-705,Incorrect Control Flow Scoping,Class,{"CWE-691":1}
CWE-248,Uncaught Exception,Base,{"CWE-691":2}
CWE-367,Time-of-check Time-of-use (TOCTOU) Race Condition,Base,{"CWE-691":2}
CWE-363,Race Condition Enabling Link Following,Base,{"CWE-691":3}
CWE-364,Signal Handler Race Condition,Base,{"CWE-691":2}
CWE-366,Race Condition within a Thread,Base,{"CWE-691":2}
CWE-368,Context Switching Race Condition,Base,{"CWE-691":2}
CWE-382,J2EE Bad Practices: Use of System.exit(),Variant,{"CWE-691":2}
CWE-395,Use of NullPointerException Catch to Detect NULL Pointer Dereference,Base,{"CWE-691":2}
CWE-396,Declaration of Catch for Generic Exception,Base,{"CWE-691":2}
CWE-397,Declaration of Throws for Generic Exception,Base,{"CWE-691":2}
CWE-408,Incorrect Behavior Order: Early Amplification,Base,{"CWE-691":2}
CWE-430,Deployment of Wrong Handler,Base,{"CWE-691":1}
CWE-431,Missing Handler,Base,{"CWE-691":1}
CWE-432,Dangerous Signal Handler not Disabled During Sensitive Operations,Base,{"CWE-691":3}
CWE-455,Non-exit on Failed Initialization,Base,{"CWE-691":2}
CWE-828,Signal Handler with Functionality that is not Asynchronous-Safe,Variant,{"CWE-691":3}
CWE-479,Signal Handler Use of a Non-reentrant Function,Variant,{"CWE-691":4}
CWE-670,Always-Incorrect Control Flow Implementation,Class,{"CWE-691":1}
CWE-480,Use of Incorrect Operator,Base,{"CWE-691":2}
CWE-481,Assigning instead of Comparing,Variant,{"CWE-691":3}
CWE-482,Comparing instead of Assigning,Variant,{"CWE-691":3}
CWE-483,Incorrect Block Delimitation,Base,{"CWE-691":2}
CWE-584,Return Inside Finally Block,Base,{"CWE-691":2}
CWE-600,Uncaught Exception in Servlet ,Variant,{"CWE-691":3}
CWE-617,Reachable Assertion,Base,{"CWE-691":2}
CWE-674,Uncontrolled Recursion,Class,{"CWE-691":2}
CWE-689,Permission Race Condition During Resource Copy,Compound,{"CWE-691":2}
CWE-698,Execution After Redirect (EAR),Base,{"CWE-691":2}
CWE-768,Incorrect Short Circuit Evaluation,Variant,{"CWE-691":1}
CWE-776,Improper Restriction of Recursive Entity References in DTDs ('XML Entity Expansion'),Base,{"CWE-691":3}
CWE-783,Operator Precedence Logic Error,Base,{"CWE-691":2}
CWE-799,Improper Control of Interaction Frequency,Class,{"CWE-691":1}
CWE-831,Signal Handler Function Associated with Multiple Signals,Variant,{"CWE-691":3}
CWE-835,Loop with Unreachable Exit Condition ('Infinite Loop'),Base,{"CWE-691":2}
CWE-837,"Improper Enforcement of a Single, Unique Action",Base,{"CWE-691":2}
CWE-841,Improper Enforcement of Behavioral Workflow,Base,{"CWE-691":1}
CWE-693,Protection Mechanism Failure,Pillar,{"CWE-693":0}
CWE-1039,Automated Recognition Mechanism with Inadequate Detection or Handling of Adversarial Input Perturbations,Class,{"CWE-693":1}
CWE-330,Use of Insufficiently Random Values,Class,{"CWE-693":1}
CWE-1204,Generation of Weak Initialization Vector (IV),Base,{"CWE-693":2}
CWE-327,Use of a Broken or Risky Cryptographic Algorithm,Class,{"CWE-693":1}
CWE-1240,Use of a Cryptographic Primitive with a Risky Implementation,Base,{"CWE-693":2}
CWE-1241,Use of Predictable Algorithm in Random Number Generator,Base,{"CWE-693":2}
CWE-1248,Semiconductor Defects in Hardware Logic with Security-Sensitive Implications,Base,{"CWE-693":1}
CWE-1253,Incorrect Selection of Fuse Values,Base,{"CWE-693":1}
CWE-1269,Product Released in Non-Release Configuration,Base,{"CWE-693":1}
CWE-1278,Missing Protection Against Hardware Reverse Engineering Using Integrated Circuit (IC) Imaging Techniques,Base,{"CWE-693":1}
CWE-1291,Public Key Re-Use for Signing both Debug and Production Code,Base,{"CWE-693":1}
CWE-345,Insufficient Verification of Data Authenticity,Class,{"CWE-693":1}
CWE-1293,Missing Source Correlation of Multiple Independent Data,Base,{"CWE-693":2}
CWE-1318,Missing Support for Security Features in On-chip Fabrics or Buses,Base,{"CWE-693":1}
CWE-1319,Improper Protection against Electromagnetic Fault Injection (EM-FI),Base,{"CWE-693":1}
CWE-1326,Missing Immutable Root of Trust in Hardware,Base,{"CWE-693":1}
CWE-1338,Improper Protections Against Hardware Overheating,Base,{"CWE-693":1}
CWE-346,Origin Validation Error,Class,{"CWE-693":2}
CWE-1385,Missing Origin Validation in WebSockets,Variant,{"CWE-693":3}
CWE-182,Collapse of Data into Unsafe Value,Base,{"CWE-693":1}
CWE-184,Incomplete List of Disallowed Inputs,Base,{"CWE-693":1}
CWE-311,Missing Encryption of Sensitive Data,Class,{"CWE-693":1}
CWE-312,Cleartext Storage of Sensitive Information,Base,{"CWE-693":2}
CWE-313,Cleartext Storage in a File or on Disk,Variant,{"CWE-693":3}
CWE-314,Cleartext Storage in the Registry,Variant,{"CWE-693":3}
CWE-315,Cleartext Storage of Sensitive Information in a Cookie,Variant,{"CWE-693":3}
CWE-316,Cleartext Storage of Sensitive Information in Memory,Variant,{"CWE-693":3}
CWE-317,Cleartext Storage of Sensitive Information in GUI,Variant,{"CWE-693":3}
CWE-318,Cleartext Storage of Sensitive Information in Executable,Variant,{"CWE-693":3}
CWE-319,Cleartext Transmission of Sensitive Information,Base,{"CWE-693":2}
CWE-344,Use of Invariant Value in Dynamically Changing Context,Base,{"CWE-693":2}
CWE-323,"Reusing a Nonce, Key Pair in Encryption",Base,{"CWE-693":3}
CWE-326,Inadequate Encryption Strength,Class,{"CWE-693":1}
CWE-328,Use of Weak Hash,Base,{"CWE-693":2}
CWE-329,Generation of Predictable IV with CBC Mode,Variant,{"CWE-693":3}
CWE-331,Insufficient Entropy,Base,{"CWE-693":2}
CWE-332,Insufficient Entropy in PRNG,Variant,{"CWE-693":3}
CWE-333,Improper Handling of Insufficient Entropy in TRNG,Variant,{"CWE-693":3}
CWE-334,Small Space of Random Values,Base,{"CWE-693":2}
CWE-335,Incorrect Usage of Seeds in Pseudo-Random Number Generator (PRNG),Base,{"CWE-693":2}
CWE-336,Same Seed in Pseudo-Random Number Generator (PRNG),Variant,{"CWE-693":3}
CWE-337,Predictable Seed in Pseudo-Random Number Generator (PRNG),Variant,{"CWE-693":3}
CWE-338,Use of Cryptographically Weak Pseudo-Random Number Generator (PRNG),Base,{"CWE-693":2}
CWE-339,Small Seed Space in PRNG,Variant,{"CWE-693":3}
CWE-340,Generation of Predictable Numbers or Identifiers,Class,{"CWE-693":2}
CWE-341,Predictable from Observable State,Base,{"CWE-693":3}
CWE-342,Predictable Exact Value from Previous Values,Base,{"CWE-693":3}
CWE-343,Predictable Value Range from Previous Values,Base,{"CWE-693":3}
CWE-347,Improper Verification of Cryptographic Signature,Base,{"CWE-693":2}
CWE-348,Use of Less Trusted Source,Base,{"CWE-693":2}
CWE-349,Acceptance of Extraneous Untrusted Data With Trusted Data,Base,{"CWE-693":2}
CWE-351,Insufficient Type Distinction,Base,{"CWE-693":2}
CWE-352,Cross-Site Request Forgery (CSRF),Compound,{"CWE-693":2}
CWE-353,Missing Support for Integrity Check,Base,{"CWE-693":2}
CWE-354,Improper Validation of Integrity Check Value,Base,{"CWE-693":2}
CWE-357,Insufficient UI Warning of Dangerous Operations,Base,{"CWE-693":1}
CWE-360,Trust of System Event Data,Base,{"CWE-693":2}
CWE-450,Multiple Interpretations of UI Input,Base,{"CWE-693":2}
CWE-494,Download of Code Without Integrity Check,Base,{"CWE-693":2}
CWE-5,J2EE Misconfiguration: Data Transmission Without Encryption,Variant,{"CWE-693":3}
CWE-526,Cleartext Storage of Sensitive Information in an Environment Variable,Variant,{"CWE-693":3}
CWE-6,J2EE Misconfiguration: Insufficient Session-ID Length,Variant,{"CWE-693":3}
CWE-602,Client-Side Enforcement of Server-Side Security,Class,{"CWE-693":1}
CWE-614,Sensitive Cookie in HTTPS Session Without 'Secure' Attribute,Variant,{"CWE-693":3}
CWE-616,Incomplete Identification of Uploaded File Variables (PHP),Variant,{"CWE-693":2}
CWE-646,Reliance on File Name or Extension of Externally-Supplied File,Variant,{"CWE-693":2}
CWE-649,Reliance on Obfuscation or Encryption of Security-Relevant Inputs without Integrity Checking,Base,{"CWE-693":2}
CWE-692,Incomplete Denylist to Cross-Site Scripting,Compound,{"CWE-693":2}
CWE-757,Selection of Less-Secure Algorithm During Negotiation ('Algorithm Downgrade'),Base,{"CWE-693":1}
CWE-916,Use of Password Hash With Insufficient Computational Effort,Base,{"CWE-693":3}
CWE-759,Use of a One-Way Hash without a Salt,Variant,{"CWE-693":4}
CWE-760,Use of a One-Way Hash with a Predictable Salt,Variant,{"CWE-693":4}
CWE-780,Use of RSA Algorithm without OAEP,Variant,{"CWE-693":2}
CWE-807,Reliance on Untrusted Inputs in a Security Decision,Base,{"CWE-693":1}
CWE-924,Improper Enforcement of Message Integrity During Transmission in a Communication Channel,Base,{"CWE-693":2}
CWE-697,Incorrect Comparison,Pillar,{"CWE-697":0}
CWE-1023,Incomplete Comparison with Missing Factors,Class,{"CWE-697":1}
CWE-1024,Comparison of Incompatible Types,Base,{"CWE-697":1}
CWE-1025,Comparison Using Wrong Factors,Base,{"CWE-697":1}
CWE-1077,Floating Point Comparison with Incorrect Operator,Variant,{"CWE-697":1}
CWE-183,Permissive List of Allowed Inputs,Base,{"CWE-697":1}
CWE-185,Incorrect Regular Expression,Class,{"CWE-697":1}
CWE-186,Overly Restrictive Regular Expression,Base,{"CWE-697":2}
CWE-187,Partial String Comparison,Variant,{"CWE-697":2}
CWE-478,Missing Default Case in Multiple Condition Expression,Base,{"CWE-697":2}
CWE-486,Comparison of Classes by Name,Variant,{"CWE-697":2}
CWE-595,Comparison of Object References Instead of Object Contents,Variant,{"CWE-697":2}
CWE-597,Use of Wrong Operator in String Comparison,Variant,{"CWE-697":3}
CWE-625,Permissive Regular Expression,Base,{"CWE-697":2}
CWE-777,Regular Expression without Anchors,Variant,{"CWE-697":3}
CWE-839,Numeric Range Comparison Without Minimum Check,Base,{"CWE-697":2}
CWE-756,Missing Custom Error Page,Base,{"CWE-703":2}
CWE-12,ASP.NET Misconfiguration: Missing Custom Error Page,Variant,{"CWE-703":3}
CWE-1384,Improper Handling of Physical or Environmental Conditions,Class,{"CWE-703":1}
CWE-1247,Improper Protection Against Voltage and Clock Glitches,Base,{"CWE-703":2}
CWE-1261,Improper Handling of Single Event Upsets,Base,{"CWE-703":2}
CWE-1332,Improper Handling of Faults that Lead to Instruction Skips,Base,{"CWE-703":2}
CWE-1351,Improper Handling of Hardware Behavior in Exceptionally Cold Environments,Base,{"CWE-703":2}
CWE-703,Improper Check or Handling of Exceptional Conditions,Pillar,{"CWE-703":0}
CWE-754,Improper Check for Unusual or Exceptional Conditions,Class,{"CWE-703":1}
CWE-252,Unchecked Return Value,Base,{"CWE-703":2}
CWE-273,Improper Check for Dropped Privileges,Base,{"CWE-703":2}
CWE-755,Improper Handling of Exceptional Conditions,Class,{"CWE-703":1}
CWE-274,Improper Handling of Insufficient Privileges,Base,{"CWE-703":2}
CWE-280,Improper Handling of Insufficient Permissions or Privileges ,Base,{"CWE-703":2}
CWE-390,Detection of Error Condition Without Action,Base,{"CWE-703":2}
CWE-391,Unchecked Error Condition,Base,{"CWE-703":2}
CWE-392,Missing Report of Error Condition,Base,{"CWE-703":2}
CWE-394,Unexpected Status Code or Return Value,Base,{"CWE-703":2}
CWE-544,Missing Standardized Error Handling Mechanism,Base,{"CWE-703":2}
CWE-690,Unchecked Return Value to NULL Pointer Dereference,Compound,{"CWE-703":3}
CWE-7,J2EE Misconfiguration: Missing Custom Error Page,Variant,{"CWE-703":3}
CWE-694,Use of Multiple Resources with Duplicate Identifier,Base,{"CWE-707":3}
CWE-102,Struts: Duplicate Validation Forms,Variant,{"CWE-707":4}
CWE-1173,Improper Use of Validation Framework,Base,{"CWE-707":2}
CWE-105,Struts: Form Field Without Validator,Variant,{"CWE-707":3}
CWE-106,Struts: Plug-in Framework not in Use,Variant,{"CWE-707":3}
CWE-108,Struts: Unvalidated Action Form,Variant,{"CWE-707":3}
CWE-109,Struts: Validator Turned Off,Variant,{"CWE-707":3}
CWE-1286,Improper Validation of Syntactic Correctness of Input,Base,{"CWE-707":2}
CWE-112,Missing XML Validation,Base,{"CWE-707":3}
CWE-93,Improper Neutralization of CRLF Sequences ('CRLF Injection'),Base,{"CWE-707":2}
CWE-113,Improper Neutralization of CRLF Sequences in HTTP Headers ('HTTP Request/Response Splitting'),Variant,{"CWE-707":3}
CWE-707,Improper Neutralization,Pillar,{"CWE-707":0}
CWE-116,Improper Encoding or Escaping of Output,Class,{"CWE-707":1}
CWE-117,Improper Output Neutralization for Logs,Base,{"CWE-707":2}
CWE-20,Improper Input Validation,Class,{"CWE-707":1}
CWE-1174,ASP.NET Misconfiguration: Improper Model Validation,Variant,{"CWE-707":3}
CWE-74,Improper Neutralization of Special Elements in Output Used by a Downstream Component ('Injection'),Class,{"CWE-707":1}
CWE-1236,Improper Neutralization of Formula Elements in a CSV File,Base,{"CWE-707":2}
CWE-1284,Improper Validation of Specified Quantity in Input,Base,{"CWE-707":2}
CWE-1285,"Improper Validation of Specified Index, Position, or Offset in Input",Base,{"CWE-707":2}
CWE-1287,Improper Validation of Specified Type of Input,Base,{"CWE-707":2}
CWE-1288,Improper Validation of Consistency within Input,Base,{"CWE-707":2}
CWE-1289,Improper Validation of Unsafe Equivalence in Input,Base,{"CWE-707":2}
CWE-129,Improper Validation of Array Index,Variant,{"CWE-707":3}
CWE-240,Improper Handling of Inconsistent Structural Elements,Base,{"CWE-707":3}
CWE-130,Improper Handling of Length Parameter Inconsistency,Base,{"CWE-707":4}
CWE-94,Improper Control of Generation of Code ('Code Injection'),Base,{"CWE-707":2}
CWE-1336,Improper Neutralization of Special Elements Used in a Template Engine,Base,{"CWE-707":3}
CWE-138,Improper Neutralization of Special Elements,Class,{"CWE-707":1}
CWE-140,Improper Neutralization of Delimiters,Base,{"CWE-707":2}
CWE-141,Improper Neutralization of Parameter/Argument Delimiters,Variant,{"CWE-707":3}
CWE-142,Improper Neutralization of Value Delimiters,Variant,{"CWE-707":3}
CWE-143,Improper Neutralization of Record Delimiters,Variant,{"CWE-707":3}
CWE-144,Improper Neutralization of Line Delimiters,Variant,{"CWE-707":3}
CWE-145,Improper Neutralization of Section Delimiters,Variant,{"CWE-707":3}
CWE-146,Improper Neutralization of Expression/Command Delimiters,Variant,{"CWE-707":3}
CWE-147,Improper Neutralization of Input Terminators,Variant,{"CWE-707":2}
CWE-148,Improper Neutralization of Input Leaders,Variant,{"CWE-707":2}
CWE-149,Improper Neutralization of Quoting Syntax,Variant,{"CWE-707":2}
CWE-150,"Improper Neutralization of Escape, Meta, or Control Sequences",Variant,{"CWE-707":2}
CWE-151,Improper Neutralization of Comment Delimiters,Variant,{"CWE-707":2}
CWE-152,Improper Neutralization of Macro Symbols,Variant,{"CWE-707":2}
CWE-153,Improper Neutralization of Substitution Characters,Variant,{"CWE-707":2}
CWE-154,Improper Neutralization of Variable Name Delimiters,Variant,{"CWE-707":2}
CWE-155,Improper Neutralization of Wildcards or Matching Symbols,Variant,{"CWE-707":2}
CWE-156,Improper Neutralization of Whitespace,Variant,{"CWE-707":2}
CWE-157,Failure to Sanitize Paired Delimiters,Variant,{"CWE-707":2}
CWE-158,Improper Neutralization of Null Byte or NUL Character,Variant,{"CWE-707":2}
CWE-159,Improper Handling of Invalid Use of Special Elements,Class,{"CWE-707":2}
CWE-160,Improper Neutralization of Leading Special Elements,Variant,{"CWE-707":2}
CWE-161,Improper Neutralization of Multiple Leading Special Elements,Variant,{"CWE-707":3}
CWE-162,Improper Neutralization of Trailing Special Elements,Variant,{"CWE-707":2}
CWE-163,Improper Neutralization of Multiple Trailing Special Elements,Variant,{"CWE-707":3}
CWE-164,Improper Neutralization of Internal Special Elements,Variant,{"CWE-707":2}
CWE-165,Improper Neutralization of Multiple Internal Special Elements,Variant,{"CWE-707":3}
CWE-166,Improper Handling of Missing Special Element,Base,{"CWE-707":3}
CWE-167,Improper Handling of Additional Special Element,Base,{"CWE-707":3}
CWE-168,Improper Handling of Inconsistent Special Elements,Base,{"CWE-707":3}
CWE-170,Improper Null Termination,Base,{"CWE-707":1}
CWE-172,Encoding Error,Class,{"CWE-707":1}
CWE-173,Improper Handling of Alternate Encoding,Variant,{"CWE-707":2}
CWE-175,Improper Handling of Mixed Encoding,Variant,{"CWE-707":2}
CWE-176,Improper Handling of Unicode Encoding,Variant,{"CWE-707":2}
CWE-177,Improper Handling of URL Encoding (Hex Encoding),Variant,{"CWE-707":2}
CWE-228,Improper Handling of Syntactically Invalid Structure,Class,{"CWE-707":1}
CWE-229,Improper Handling of Values,Base,{"CWE-707":2}
CWE-230,Improper Handling of Missing Values,Variant,{"CWE-707":3}
CWE-231,Improper Handling of Extra Values,Variant,{"CWE-707":3}
CWE-232,Improper Handling of Undefined Values,Variant,{"CWE-707":3}
CWE-233,Improper Handling of Parameters,Base,{"CWE-707":2}
CWE-234,Failure to Handle Missing Parameter,Variant,{"CWE-707":3}
CWE-235,Improper Handling of Extra Parameters,Variant,{"CWE-707":3}
CWE-236,Improper Handling of Undefined Parameters,Variant,{"CWE-707":3}
CWE-237,Improper Handling of Structural Elements,Base,{"CWE-707":2}
CWE-238,Improper Handling of Incomplete Structural Elements,Variant,{"CWE-707":3}
CWE-239,Failure to Handle Incomplete Element,Variant,{"CWE-707":3}
CWE-241,Improper Handling of Unexpected Data Type,Base,{"CWE-707":2}
CWE-462,Duplicate Key in Associative List (Alist),Variant,{"CWE-707":4}
CWE-463,Deletion of Data Structure Sentinel,Base,{"CWE-707":1}
CWE-464,Addition of Data Structure Sentinel,Base,{"CWE-707":2}
CWE-554,ASP.NET Misconfiguration: Not Using Input Validation Framework,Variant,{"CWE-707":3}
CWE-89,Improper Neutralization of Special Elements used in an SQL Command ('SQL Injection'),Base,{"CWE-707":3}
CWE-564,SQL Injection: Hibernate,Variant,{"CWE-707":4}
CWE-606,Unchecked Input for Loop Condition,Base,{"CWE-707":3}
CWE-914,Improper Control of Dynamically-Identified Variables,Base,{"CWE-707":3}
CWE-621,Variable Extraction Error,Variant,{"CWE-707":4}
CWE-622,Improper Validation of Function Hook Arguments,Variant,{"CWE-707":2}
CWE-77,Improper Neutralization of Special Elements used in a Command ('Command Injection'),Class,{"CWE-707":2}
CWE-624,Executable Regular Expression Error,Base,{"CWE-707":3}
CWE-626,Null Byte Interaction Error (Poison Null Byte),Variant,{"CWE-707":3}
CWE-627,Dynamic Variable Evaluation,Variant,{"CWE-707":4}
CWE-99,Improper Control of Resource Identifiers ('Resource Injection'),Class,{"CWE-707":2}
CWE-641,Improper Restriction of Names for Files and Other Resources,Base,{"CWE-707":3}
CWE-943,Improper Neutralization of Special Elements in Data Query Logic,Class,{"CWE-707":2}
CWE-643,Improper Neutralization of Data within XPath Expressions ('XPath Injection'),Base,{"CWE-707":3}
CWE-644,Improper Neutralization of HTTP Headers for Scripting Syntax,Variant,{"CWE-707":2}
CWE-652,Improper Neutralization of Data within XQuery Expressions ('XQuery Injection'),Base,{"CWE-707":3}
CWE-75,Failure to Sanitize Special Elements into a Different Plane (Special Element Injection),Class,{"CWE-707":2}
CWE-76,Improper Neutralization of Equivalent Special Elements,Base,{"CWE-707":3}
CWE-78,Improper Neutralization of Special Elements used in an OS Command ('OS Command Injection'),Base,{"CWE-707":3}
CWE-781,Improper Address Validation in IOCTL with METHOD_NEITHER I/O Control Code,Variant,{"CWE-707":3}
CWE-79,Improper Neutralization of Input During Web Page Generation ('Cross-site Scripting'),Base,{"CWE-707":2}
CWE-790,Improper Filtering of Special Elements,Class,{"CWE-707":2}
CWE-791,Incomplete Filtering of Special Elements,Base,{"CWE-707":3}
CWE-792,Incomplete Filtering of One or More Instances of Special Elements,Variant,{"CWE-707":4}
CWE-793,Only Filtering One Instance of a Special Element,Variant,{"CWE-707":5}
CWE-794,Incomplete Filtering of Multiple Instances of Special Elements,Variant,{"CWE-707":5}
CWE-795,Only Filtering Special Elements at a Specified Location,Base,{"CWE-707":4}
CWE-796,Only Filtering Special Elements Relative to a Marker,Variant,{"CWE-707":5}
CWE-797,Only Filtering Special Elements at an Absolute Position,Variant,{"CWE-707":5}
CWE-80,Improper Neutralization of Script-Related HTML Tags in a Web Page (Basic XSS),Variant,{"CWE-707":3}
CWE-81,Improper Neutralization of Script in an Error Message Web Page,Variant,{"CWE-707":3}
CWE-83,Improper Neutralization of Script in Attributes in a Web Page,Variant,{"CWE-707":3}
CWE-82,Improper Neutralization of Script in Attributes of IMG Tags in a Web Page,Variant,{"CWE-707":4}
CWE-838,Inappropriate Encoding for Output Context,Base,{"CWE-707":2}
CWE-84,Improper Neutralization of Encoded URI Schemes in a Web Page,Variant,{"CWE-707":3}
CWE-85,Doubled Character XSS Manipulations,Variant,{"CWE-707":3}
CWE-86,Improper Neutralization of Invalid Characters in Identifiers in Web Pages,Variant,{"CWE-707":3}
CWE-87,Improper Neutralization of Alternate XSS Syntax,Variant,{"CWE-707":3}
CWE-88,Improper Neutralization of Argument Delimiters in a Command ('Argument Injection'),Base,{"CWE-707":3}
CWE-90,Improper Neutralization of Special Elements used in an LDAP Query ('LDAP Injection'),Base,{"CWE-707":3}
CWE-91,XML Injection (aka Blind XPath Injection),Base,{"CWE-707":2}
CWE-917,Improper Neutralization of Special Elements used in an Expression Language Statement ('Expression Language Injection'),Base,{"CWE-707":3}
CWE-95,Improper Neutralization of Directives in Dynamically Evaluated Code ('Eval Injection'),Variant,{"CWE-707":3}
CWE-96,Improper Neutralization of Directives in Statically Saved Code ('Static Code Injection'),Base,{"CWE-707":3}
CWE-97,Improper Neutralization of Server-Side Includes (SSI) Within a Web Page,Variant,{"CWE-707":4}
CWE-451,User Interface (UI) Misrepresentation of Critical Information,Class,{"CWE-710":2}
CWE-1007,Insufficient Visual Distinction of Homoglyphs Presented to User,Base,{"CWE-710":3}
CWE-573,Improper Following of Specification by Caller,Class,{"CWE-710":1}
CWE-103,Struts: Incomplete validate() Method Definition,Variant,{"CWE-710":2}
CWE-104,Struts: Form Bean Does Not Extend Validation Class,Variant,{"CWE-710":2}
CWE-710,Improper Adherence to Coding Standards,Pillar,{"CWE-710":0}
CWE-1041,Use of Redundant Code,Base,{"CWE-710":1}
CWE-1093,Excessively Complex Data Representation,Class,{"CWE-710":1}
CWE-1043,Data Element Aggregating an Excessively Large Number of Non-Primitive Elements,Base,{"CWE-710":2}
CWE-1044,Architecture with Number of Horizontal Layers Outside of Expected Range,Base,{"CWE-710":1}
CWE-1076,Insufficient Adherence to Expected Conventions,Class,{"CWE-710":1}
CWE-1045,Parent Class with a Virtual Destructor and a Child Class without a Virtual Destructor,Base,{"CWE-710":2}
CWE-1120,Excessive Code Complexity,Class,{"CWE-710":1}
CWE-1047,Modules with Circular Dependencies,Base,{"CWE-710":2}
CWE-1048,Invokable Control Element with Large Number of Outward Calls,Base,{"CWE-710":1}
CWE-1059,Insufficient Technical Documentation,Class,{"CWE-710":1}
CWE-1053,Missing Documentation for Design,Base,{"CWE-710":2}
CWE-1061,Insufficient Encapsulation,Class,{"CWE-710":1}
CWE-1054,Invocation of a Control Element at an Unnecessarily Deep Horizontal Layer,Base,{"CWE-710":2}
CWE-1055,Multiple Inheritance from Concrete Classes,Base,{"CWE-710":2}
CWE-1056,Invokable Control Element with Variadic Parameters,Base,{"CWE-710":2}
CWE-1057,Data Access Operations Outside of Expected Data Manager Component,Base,{"CWE-710":2}
CWE-1060,Excessive Number of Inefficient Server-Side Data Accesses,Base,{"CWE-710":2}
CWE-1062,Parent Class with References to Child Class,Base,{"CWE-710":2}
CWE-1064,Invokable Control Element with Signature Containing an Excessive Number of Parameters,Base,{"CWE-710":2}
CWE-1065,Runtime Resource Management Control Element in a Component Built to Run on Application Servers,Base,{"CWE-710":1}
CWE-1066,Missing Serialization Control Element,Base,{"CWE-710":1}
CWE-1068,Inconsistency Between Implementation and Documented Design,Base,{"CWE-710":1}
CWE-1071,Empty Code Block,Base,{"CWE-710":2}
CWE-1069,Empty Exception Block,Variant,{"CWE-710":3}
CWE-1164,Irrelevant Code,Class,{"CWE-710":1}
CWE-107,Struts: Unused Validation Form,Variant,{"CWE-710":2}
CWE-1070,Serializable Data Element Containing non-Serializable Item Elements,Base,{"CWE-710":2}
CWE-1074,Class with Excessively Deep Inheritance,Base,{"CWE-710":2}
CWE-1075,Unconditional Control Flow Transfer outside of Switch Block,Base,{"CWE-710":2}
CWE-1078,Inappropriate Source Code Style or Formatting,Class,{"CWE-710":2}
CWE-1079,Parent Class without Virtual Destructor Method,Base,{"CWE-710":2}
CWE-1080,Source Code File with Excessive Number of Lines of Code,Base,{"CWE-710":2}
CWE-1082,Class Instance Self Destruction Control Element,Base,{"CWE-710":2}
CWE-1083,Data Access from Outside Expected Data Manager Component,Base,{"CWE-710":2}
CWE-1085,Invokable Control Element with Excessive Volume of Commented-out Code,Base,{"CWE-710":3}
CWE-1086,Class with Excessive Number of Child Classes,Base,{"CWE-710":2}
CWE-1087,Class with Virtual Method without a Virtual Destructor,Base,{"CWE-710":2}
CWE-1090,Method Containing Access of a Member Element from Another Class,Base,{"CWE-710":2}
CWE-1092,Use of Same Invokable Control Element in Multiple Architectural Layers,Base,{"CWE-710":1}
CWE-1095,Loop Condition Value Update within the Loop,Base,{"CWE-710":2}
CWE-1097,Persistent Storable Data Element without Associated Comparison Control Element,Base,{"CWE-710":2}
CWE-1098,Data Element containing Pointer Item without Proper Copy Control Element,Base,{"CWE-710":2}
CWE-1099,Inconsistent Naming Conventions for Identifiers,Base,{"CWE-710":3}
CWE-489,Active Debug Code,Base,{"CWE-710":1}
CWE-11,ASP.NET Misconfiguration: Creating Debug Binary,Variant,{"CWE-710":2}
CWE-110,Struts: Validator Without Form Field,Variant,{"CWE-710":2}
CWE-1100,Insufficient Isolation of System-Dependent Functions,Base,{"CWE-710":2}
CWE-1101,Reliance on Runtime Component in Generated Code,Base,{"CWE-710":1}
CWE-758,"Reliance on Undefined, Unspecified, or Implementation-Defined Behavior",Class,{"CWE-710":1}
CWE-1102,Reliance on Machine-Dependent Data Representation,Base,{"CWE-710":2}
CWE-1103,Use of Platform-Dependent Third Party Components,Base,{"CWE-710":2}
CWE-1357,Reliance on Insufficiently Trustworthy Component,Class,{"CWE-710":1}
CWE-1104,Use of Unmaintained Third Party Components,Base,{"CWE-710":2}
CWE-1105,Insufficient Encapsulation of Machine-Dependent Functionality,Base,{"CWE-710":2}
CWE-1106,Insufficient Use of Symbolic Constants,Base,{"CWE-710":3}
CWE-1107,Insufficient Isolation of Symbolic Constant Definitions,Base,{"CWE-710":3}
CWE-1108,Excessive Reliance on Global Variables,Base,{"CWE-710":2}
CWE-1109,Use of Same Variable for Multiple Purposes,Base,{"CWE-710":3}
CWE-695,Use of Low-Level Functionality,Base,{"CWE-710":2}
CWE-111,Direct Use of Unsafe JNI,Variant,{"CWE-710":3}
CWE-1110,Incomplete Design Documentation,Base,{"CWE-710":2}
CWE-1111,Incomplete I/O Documentation,Base,{"CWE-710":2}
CWE-1112,Incomplete Documentation of Program Execution,Base,{"CWE-710":2}
CWE-1113,Inappropriate Comment Style,Base,{"CWE-710":3}
CWE-1114,Inappropriate Whitespace Style,Base,{"CWE-710":3}
CWE-1115,Source Code Element without Standard Prologue,Base,{"CWE-710":3}
CWE-1116,Inaccurate Comments,Base,{"CWE-710":3}
CWE-1117,Callable with Insufficient Behavioral Summary,Base,{"CWE-710":3}
CWE-1118,Insufficient Documentation of Error Handling Techniques,Base,{"CWE-710":2}
CWE-1119,Excessive Use of Unconditional Branching,Base,{"CWE-710":2}
CWE-1121,Excessive McCabe Cyclomatic Complexity,Base,{"CWE-710":2}
CWE-1122,Excessive Halstead Complexity,Base,{"CWE-710":2}
CWE-1123,Excessive Use of Self-Modifying Code,Base,{"CWE-710":2}
CWE-1124,Excessively Deep Nesting,Base,{"CWE-710":2}
CWE-1125,Excessive Attack Surface,Base,{"CWE-710":2}
CWE-1126,Declaration of Variable with Unnecessarily Wide Scope,Base,{"CWE-710":1}
CWE-1127,Compilation with Insufficient Warnings or Errors,Base,{"CWE-710":1}
CWE-1177,Use of Prohibited Code,Class,{"CWE-710":1}
CWE-653,Improper Isolation or Compartmentalization,Class,{"CWE-710":2}
CWE-1189,Improper Isolation of Shared Resources on System-on-a-Chip (SoC),Base,{"CWE-710":3}
CWE-657,Violation of Secure Design Principles,Class,{"CWE-710":1}
CWE-1192,Improper Identifier for IP Block used in System-On-Chip (SOC),Base,{"CWE-710":2}
CWE-1209,Failure to Disable Reserved Bits,Base,{"CWE-710":1}
CWE-684,Incorrect Provision of Specified Functionality,Class,{"CWE-710":1}
CWE-1245,Improper Finite State Machines (FSMs) in Hardware Logic,Base,{"CWE-710":2}
CWE-1329,Reliance on Component That is Not Updateable,Base,{"CWE-710":2}
CWE-1277,Firmware Not Updateable,Base,{"CWE-710":3}
CWE-1303,Non-Transparent Sharing of Microarchitectural Resources,Base,{"CWE-710":4}
CWE-1310,Missing Ability to Patch ROM Code,Base,{"CWE-710":3}
CWE-1331,Improper Isolation of Shared Resources in Network On Chip (NoC),Base,{"CWE-710":3}
CWE-675,Multiple Operations on Resource in Single-Operation Context,Class,{"CWE-710":2}
CWE-1341,Multiple Releases of Same Resource or Handle,Base,{"CWE-710":3}
CWE-1395,Dependency on Vulnerable Third-Party Component,Class,{"CWE-710":2}
CWE-174,Double Decoding of the Same Data,Variant,{"CWE-710":3}
CWE-188,Reliance on Data/Memory Layout,Base,{"CWE-710":3}
CWE-198,Use of Incorrect Byte Ordering,Variant,{"CWE-710":4}
CWE-242,Use of Inherently Dangerous Function,Base,{"CWE-710":2}
CWE-245,J2EE Bad Practices: Direct Management of Connections,Variant,{"CWE-710":3}
CWE-246,J2EE Bad Practices: Direct Use of Sockets,Variant,{"CWE-710":3}
CWE-253,Incorrect Check of Function Return Value,Base,{"CWE-710":2}
CWE-325,Missing Cryptographic Step,Base,{"CWE-710":2}
CWE-358,Improperly Implemented Security Check for Standard,Base,{"CWE-710":2}
CWE-383,J2EE Bad Practices: Direct Use of Threads,Variant,{"CWE-710":3}
CWE-393,Return of Wrong Status Code,Base,{"CWE-710":2}
CWE-638,Not Using Complete Mediation,Class,{"CWE-710":2}
CWE-424,Improper Protection of Alternate Path,Class,{"CWE-710":3}
CWE-440,Expected Behavior Violation,Base,{"CWE-710":2}
CWE-446,UI Discrepancy for Security Feature,Class,{"CWE-710":2}
CWE-671,Lack of Administrator Control over Security,Class,{"CWE-710":2}
CWE-447,Unimplemented or Unsupported Feature in UI,Base,{"CWE-710":3}
CWE-448,Obsolete Feature in UI,Base,{"CWE-710":3}
CWE-449,The UI Performs the Wrong Action,Base,{"CWE-710":3}
CWE-474,Use of Function with Inconsistent Implementations,Base,{"CWE-710":2}
CWE-475,Undefined Behavior for Input to API,Base,{"CWE-710":2}
CWE-476,NULL Pointer Dereference,Base,{"CWE-710":1}
CWE-477,Use of Obsolete Function,Base,{"CWE-710":1}
CWE-484,Omitted Break Statement in Switch,Base,{"CWE-710":1}
CWE-912,Hidden Functionality,Class,{"CWE-710":2}
CWE-506,Embedded Malicious Code,Class,{"CWE-710":3}
CWE-507,Trojan Horse,Base,{"CWE-710":4}
CWE-508,Non-Replicating Malicious Code,Base,{"CWE-710":5}
CWE-509,Replicating Malicious Code (Virus or Worm),Base,{"CWE-710":5}
CWE-510,Trapdoor,Base,{"CWE-710":4}
CWE-511,Logic/Time Bomb,Base,{"CWE-710":4}
CWE-512,Spyware,Base,{"CWE-710":4}
CWE-546,Suspicious Comment,Variant,{"CWE-710":3}
CWE-547,"Use of Hard-coded, Security-relevant Constants",Base,{"CWE-710":3}
CWE-687,Function Call With Incorrectly Specified Argument Value,Variant,{"CWE-710":3}
CWE-560,Use of umask() with chmod-style Argument,Variant,{"CWE-710":4}
CWE-561,Dead Code,Base,{"CWE-710":2}
CWE-562,Return of Stack Variable Address,Base,{"CWE-710":2}
CWE-563,Assignment to Variable without Use,Base,{"CWE-710":2}
CWE-570,Expression is Always False,Base,{"CWE-710":1}
CWE-571,Expression is Always True,Base,{"CWE-710":1}
CWE-575,EJB Bad Practices: Use of AWT Swing,Variant,{"CWE-710":3}
CWE-576,EJB Bad Practices: Use of Java I/O,Variant,{"CWE-710":3}
CWE-577,EJB Bad Practices: Use of Sockets,Variant,{"CWE-710":2}
CWE-578,EJB Bad Practices: Use of Class Loader,Variant,{"CWE-710":2}
CWE-579,J2EE Bad Practices: Non-serializable Object Stored in Session,Variant,{"CWE-710":2}
CWE-581,Object Model Violation: Just One of Equals and Hashcode Defined,Variant,{"CWE-710":2}
CWE-585,Empty Synchronized Block,Variant,{"CWE-710":3}
CWE-586,Explicit Call to Finalize(),Base,{"CWE-710":2}
CWE-587,Assignment of a Fixed Address to a Pointer,Variant,{"CWE-710":2}
CWE-589,Call to Non-ubiquitous API,Variant,{"CWE-710":3}
CWE-594,J2EE Framework: Saving Unserializable Objects to Disk,Variant,{"CWE-710":2}
CWE-605,Multiple Binds to the Same Port,Variant,{"CWE-710":3}
CWE-628,Function Call with Incorrectly Specified Arguments,Base,{"CWE-710":2}
CWE-636,Not Failing Securely ('Failing Open'),Class,{"CWE-710":2}
CWE-637,Unnecessary Complexity in Protection Mechanism (Not Using 'Economy of Mechanism'),Class,{"CWE-710":2}
CWE-654,Reliance on a Single Factor in a Security Decision,Base,{"CWE-710":2}
CWE-655,Insufficient Psychological Acceptability,Class,{"CWE-710":2}
CWE-656,Reliance on Security Through Obscurity,Class,{"CWE-710":2}
CWE-676,Use of Potentially Dangerous Function,Base,{"CWE-710":2}
CWE-683,Function Call With Incorrect Order of Arguments,Variant,{"CWE-710":3}
CWE-685,Function Call With Incorrect Number of Arguments,Variant,{"CWE-710":3}
CWE-686,Function Call With Incorrect Argument Type,Variant,{"CWE-710":3}
CWE-688,Function Call With Incorrect Variable or Reference as Argument,Variant,{"CWE-710":3}
CWE-785,Use of Path Manipulation Function without Maximum-sized Buffer,Variant,{"CWE-710":3}
